title,price,url
Ù‡Ø¯ÙÙˆÙ† Ø¨ÛŒ Ø³ÛŒÙ… Ø§Ù¾Ù„ Ø§ÛŒØ±Ù¾Ø§Ø¯ Ù¾Ø±Ùˆ Airpods pro (Ú©Ù¾ÛŒ),956000,https://basalam.com/kala4030/product/8800814
Ú©ÛŒÙ Ø§ÛŒØ±Ù¾Ø§Ø¯ Ú†Ø±Ù…ÛŒ Ø·Ø±Ø­ Ø¯Ø§Ø± Ù…Ù†Ø§Ø³Ø¨ Airpods pro2 Ùˆ Airpods pro,990000,https://basalam.com/kh_mobile/product/9666641
Ú©Ø§ÙˆØ± Ù…Ø­Ø§ÙØ¸ Ø³ÛŒÙ„ÛŒÚ©ÙˆÙ†ÛŒ Ù‡Ù†Ø¯Ø²ÙØ±ÛŒ Ø¨Ù„ÙˆØªÙˆØ« Ø§Ù†Ú©Ø± Ù…Ø¯Ù„ Air 2 Pro - Anker liberty air 2 pro - Ø§ÙˆØ±Ø¬ÛŒÙ†Ø§Ù„ ,1150000,https://basalam.com/adaakstore/product/8829263
Ú©Ø§ÙˆØ±  Ù…Ø­Ø§ÙØ¸ Ø³ÛŒÙ„ÛŒÚ©ÙˆÙ†ÛŒ Ù‡Ù†Ø¯Ø²ÙØ±ÛŒ Ø§Ù†Ú©Ø± Ù…Ø¯Ù„ Anker sound core liberty air 2 pro,1200000,https://basalam.com/alma_pakhsh/product/6553616
Ù‡Ù†Ø¯Ø²ÙØ±ÛŒ Ø¨Ù„ÙˆØªÙˆØ«ÛŒ Ø§ÛŒØ±Ù¾Ø§Ø¯ Ù¾Ø±Ùˆ apple airpods pro,1370000,https://basalam.com/digikava/product/10795371
Ù‚Ø§Ø¨ My Case Air Skin Iphone 13 pro max,1450000,https://basalam.com/parscell_accessories/product/4631120
Ú©Ø§ÙˆØ± Ø§ÛŒØ±Ù¾Ø§Ø¯ Ù¾Ø±Ùˆ Airpods pro Ø¢Ø¨Ø±Ù†Ú¯ÛŒ ,1680000,https://basalam.com/samsungcoverir/product/8226038
Ù‡Ø¯ÙÙˆÙ† Ø¨Ù„ÙˆØªÙˆØ«ÛŒ Ù…Ø¯Ù„ airpods pro 5,1870000,https://basalam.com/beroozkala/product/2909179
Ø§ÛŒØ±Ù¾Ø§Ø¯ Ù¾Ø±Ùˆ  airpods pro   Ù‡Ø§ÛŒ Ú©Ù¾ÛŒ Ù…Ø´Ø§Ø¨Ø­ Ø§ØµÙ„ÛŒ Ø¨Ù„ÙˆØªÙˆØ« ÙˆØ±Ú˜Ù† 5  Ù†Ú¯Ù‡Ø¯Ø§Ø±ÛŒ Ø´Ø§Ø±Ú˜  Ø¨Ø§Ù„Ø§,1890000,https://basalam.com/kolbejanrbi/product/10548297
Ù‡Ø¯ÙÙˆÙ† Ø¨ÛŒ Ø³ÛŒÙ… Ø§Ù¾Ù„ Ø§ÛŒØ±Ù¾Ø§Ø¯ Ù¾Ø±Ùˆ Airpods pro (Ú©Ù¾ÛŒ),1980000,https://basalam.com/majiid_shop/product/10592502
Ù‡Ù†Ø¯Ø²ÙØ±ÛŒ Ø¨ÛŒ Ø³ÛŒÙ… Ø§Ù¾Ù„ Ø§ÛŒØ±Ù¾Ø§Ø¯ Ù¾Ø±Ùˆ Airpods pro ( Ú©Ù¾ÛŒ ),1990000,https://basalam.com/laleona/product/7506438
Ø§ÛŒØ±Ù¾Ø§Ø¯ Ù¾Ø±Ùˆ Ø·Ø±Ø­ Ø§Ù¾Ù„ Ù‡Ù†Ø¯Ø²ÙØ±ÛŒ Ø¨Ù„ÙˆØªÙˆØ«ÛŒ Ø¨ÛŒØ³ÛŒÙ… Ú©Ù¾ÛŒ Ø§Ù‚ØªØµØ§Ø¯ÛŒ Ù…Ø¯Ù„ Airpods pro Ø±Ù†Ú¯ Ø³ÙÛŒØ¯,1990000,https://basalam.com/pakhshrofagha/product/9069703
Ú©Ø§ÙˆØ± Ø¢Ú©ÙˆØ§Ø±ÛŒÙˆÙ…ÛŒ Ø§ÛŒØ±Ù¾Ø§Ø¯ Ù¾Ø±Ùˆ Ùˆ Ù¾Ø±Ùˆ 2 Ø§Ù¾Ù„ - airpods pro - pro2 aqua Cover,1990000,https://basalam.com/sana_shop_hmd/product/10916601
Ø§ÛŒØ±Ù¾Ø§Ø¯ Ù¾Ø±Ùˆ airpods pro Ù‡Ù†Ø¯ÙØ±ÛŒ Ø¨Ù„ÙˆØªÙˆØ«ÛŒ Ù‡Ø¯ÙÙˆÙ† Ù‡Ø¯Ø³ØªÚ©ÛŒÙÛŒØª Ø¹Ø§Ù„ÛŒ Ù¾Ø§ÛŒÛŒÙ† ØªØ±ÛŒÙ† Ù‚ÛŒÙ…Øª Ø¨Ø§Ø²Ø§Ø± Ø¨Ø§Ù„Ø§ØªØ±ÛŒÙ† ,2000000,https://basalam.com/shahrd/product/10353550
Ú©Ø§ÙˆØ± Ù…Ø­Ø§ÙØ¸ Ø³ÛŒÙ„ÛŒÚ©ÙˆÙ†ÛŒ Ø§ÛŒØ±Ù¾Ø§Ø¯ 3 Ùˆ Ù¾Ø±Ùˆ Ø·Ø±Ø­ Ù¾Ù†Ø¬Ù‡ Ù…Ø´Ú©ÛŒ - Ù‡Ù†Ø¯Ø²ÙØ±ÛŒ Airpods 3 and pro,2000000,https://basalam.com/adaakstore/product/7676125
Ø§ÛŒØ±Ù¾Ø§Ø¯ Ù¾Ø±Ùˆ Ø¨Ø§ ØªÙ…Ø§Ù… Ø§Ù…Ú©Ø§Ù†Ø§Øª   airpods pro   Ù‡Ø§ÛŒ Ú©Ù¾ÛŒ Ù…Ø´Ø§Ø¨Ø­ Ø§ØµÙ„ÛŒ Ø¨Ù„ÙˆØªÙˆØ« ÙˆØ±Ú˜Ù† 5  Ù†Ú¯Ù‡Ø¯Ø§Ø±ÛŒ Ø´Ø§Ø±Ú˜  Ø¨Ø§Ù„Ø§,2000000,https://basalam.com/kolbejanrbi/product/10554807
Ø§ÛŒØ±Ù¾Ø§Ø¯ Ù¾Ø±Ùˆ 2023 airpods pro   Ù‡Ø§ÛŒ Ú©Ù¾ÛŒ Ù…Ø´Ø§Ø¨Ø­ Ø§ØµÙ„ÛŒ Ø¨Ù„ÙˆØªÙˆØ« ÙˆØ±Ú˜Ù† 5  Ù†Ú¯Ù‡Ø¯Ø§Ø±ÛŒ Ø´Ø§Ø±Ú˜  Ø¨Ø§Ù„Ø§,2000000,https://basalam.com/kolbejanrbi/product/10554880
Ø§ÛŒØ±Ù¾Ø§Ø¯ Ù¾Ø±Ùˆ Ø¯Ø±Ø¬Ù‡ ÛŒÚ©  airpods pro   Ù‡Ø§ÛŒ Ú©Ù¾ÛŒ Ù…Ø´Ø§Ø¨Ø­ Ø§ØµÙ„ÛŒ Ø¨Ù„ÙˆØªÙˆØ« ÙˆØ±Ú˜Ù† 5  Ù†Ú¯Ù‡Ø¯Ø§Ø±ÛŒ Ø´Ø§Ø±Ú˜  Ø¨Ø§Ù„Ø§,2000000,https://basalam.com/kolbejanrbi/product/10555476
Ø§ÛŒØ±Ù¾Ø§Ø¯ Ù¾Ø±Ùˆ Ø³ÙÛŒØ¯  airpods pro   Ù‡Ø§ÛŒ Ú©Ù¾ÛŒ Ù…Ø´Ø§Ø¨Ø­ Ø§ØµÙ„ÛŒ Ø¨Ù„ÙˆØªÙˆØ« ÙˆØ±Ú˜Ù† 5  Ù†Ú¯Ù‡Ø¯Ø§Ø±ÛŒ Ø´Ø§Ø±Ú˜  Ø¨Ø§Ù„Ø§,2000000,https://basalam.com/kolbejanrbi/product/10541831
Ù‡Ù†Ø¯Ø²ÙØ±ÛŒ Ø¨Ù„ÙˆØªÙˆØ« Ø§ÛŒØ±Ù¾Ø§Ø¯ Ù…Ø¯Ù„ Air pods pro Ø§Ø±Ø³Ø§Ù„ Ø³Ø±ÛŒØ¹,2200000,https://basalam.com/mobilezagrus/product/6880232
Ù‡Ø¯Ø³Øª Ø¨Ù„ÙˆØªÙˆØ«ÛŒ Ù…Ø¯Ù„ Airpods pro 5,2200000,https://basalam.com/jaanebishop/product/8728222
Ø§ÛŒØ±Ù¾Ø§Ø¯ Ù‡Ù†Ø¯Ø²ÙØ±ÛŒ Ø¨Ù„ÙˆØªÙˆØ« Ù…Ø¯Ù„ Air pods pro Ø§Ø±Ø³Ø§Ù„ Ø³Ø±ÛŒØ¹,2200000,https://basalam.com/mobilezagrus/product/6880409
Ù‡Ù†Ø¯Ø²ÙØ±ÛŒ air pods 2 pro  Ø¨Ù†Ø¯ Ø¯Ø§Ø±,2290000,https://basalam.com/rizmode/product/10091850
Ù‡Ù†Ø¯Ø²ÙØ±ÛŒ Ø¨Ù„ÙˆØªÙˆØ« Air pods pro Ù‡Ø¯ÙÙˆÙ† Ù‡Ø¯Ø³Øª Ø§ÛŒØ±Ù¾Ø§Ø¯,2350000,https://basalam.com/janebifoladvand/product/9320017
 Ø§ÛŒØ±Ù¾Ø§Ø¯ Ù‡Ù†Ø¯Ø²ÙØ±ÛŒ Ù…Ø¯Ù„ Air pods pro . Ù‡Ø¯ÙÙˆÙ† Ù‡Ø¯Ø³Øª,2350000,https://basalam.com/janebifoladvand/product/8075758
 Ù‡Ù†Ø¯Ø²ÙØ±ÛŒ Ø§ÛŒØ±Ù¾Ø§Ø¯ Ù…Ø¯Ù„ Air pods pro Ù¾Ø±ÙØ±ÙˆØ´,2350000,https://basalam.com/janebifoladvand/product/8075766
Ù‡Ø¯ÙÙˆÙ† Ø¨ÛŒ Ø³ÛŒÙ… Ø§Ù¾Ù„ Ø§ÛŒØ±Ù¾Ø§Ø¯ Ù¾Ø±Ùˆ Airpods pro  Ø§ Apple Airpod pro Headphone,2500000,https://basalam.com/mobilehamedan/product/9363245
"Ù‡Ù†Ø¯Ø²ÙØ±ÛŒ Ø§ÛŒØ±Ù¾Ø§Ø¯ Ø¨Ù„ÙˆØªÙˆØ«ÛŒ Ù…Ø¯Ù„ airpods pro 
Ø§ÛŒØ±Ù¾Ø§Ø¯ Ù¾Ø±Ùˆ Ú©Ù¾ÛŒ Ø±Ù†Ú¯ Ø³ÙÛŒØ¯ Ù‡Ù†Ø¯Ø²ÙØ±ÛŒ Ù‡Ø¯ÙÙˆÙ†",2500000,https://basalam.com/aer_pad/product/10251763
Ø§ÛŒØ±Ù¾Ø§Ø¯ Ø¨Ø±Ù†Ø¯ Ù„Ù†ÙˆÙˆ Ù…Ø¯Ù„ air f9 pro ,2500000,https://basalam.com/speaker_dni/product/8329200
Ø§ÛŒØ±Ù¾Ø§Ø¯ Ù‡Ù†Ø¯Ø²ÙØ±ÛŒ Ø¨Ù„ÙˆØªÙˆØ« Ù…Ø¯Ù„ Air pods pro  Ù‡Ø§ÛŒ Ú©Ù¾ÛŒ,2590000,https://basalam.com/mobilezagrus/product/6880413
Ø§ÛŒØ±Ù¾Ø§Ø¯ Ø¨Ù„ÙˆØªÙˆØ«ÛŒ Ù…Ø¯Ù„ Airpods pro 5  ,2704600,https://basalam.com/payevahed/product/7651509
Ø§ÛŒØ±ÙÙˆÙ† Ú¯Ø±Ø¯Ù†ÛŒ airpods pro5,2750000,https://basalam.com/hizha_mobile/product/8581699
Ø§ÛŒØ±Ù¾Ø§Ø¯ Ù¾Ø±Ùˆ  Ù†ÙˆÛŒØ² Ú©Ù†Ø³Ù„ÛŒÙ†Ú¯ (Ú©Ù¾ÛŒ Ø§ØµÙ„ÛŒ )  airpods pro  ,2850000,https://basalam.com/n_s_k/product/6581633
Ø§ÛŒØ±Ù¾Ø§Ø¯ Ù¾Ø±Ùˆ Ø¬Ø¹Ø¨Ù‡ Ø±Ù†Ú¯ÛŒ airpods pro Ù‡Ø¯ÙÙˆÙ† Ù‡Ù†Ø¯Ø²ÙØ±ÛŒ Ø¨ÛŒ Ø³ÛŒÙ… Ù‡Ø¯Ø³Øª(Ø§Ø±Ø³Ø§Ù„ Ø±Ø§ÛŒÚ¯Ø§Ù†),2850000,https://basalam.com/dobino/product/10581267
Ù‡Ù†Ø¯Ø²ÙØ±ÛŒ Ø§ÛŒØ±Ù¾Ø§Ø¯ airpods pro6 Ù¾Ø±Ùˆ6 ,2850000,https://basalam.com/dobino/product/10581645
Ù‡Ù†Ø°ÙØ±ÛŒ Ø¨Ù„ÙˆØªÙˆØ«ÛŒ   Airpods pro  5 Ú¯Ø§Ø±Ø§Ù†ØªÛŒ 1 Ù…Ø§Ù‡,2890000,https://basalam.com/fair_booth_amirreza1/product/8659867
Ù‡Ù†Ø²ÙØ±ÛŒ Ø¨Ù„ÙˆØªÙˆØ« Ø§Ù¾Ù„  Ø§ÛŒØ± Ù¾Ø§Ø¯ Ù¾Ø±Ùˆ  Airpods pro Ø§Ø±Ø³Ø§Ù„ Ø±Ø§ÛŒÚ¯Ø§Ù†,2980000,https://basalam.com/organicba/product/8340044
Ù‡Ø¯ÙÙˆÙ† Ø¨Ù„ÙˆØªÙˆØ«ÛŒ Ù…Ø¯Ù„ airpods pro 5 Ú©ÛŒÙÛŒØª Ø¹Ø§Ù„ÛŒ  ØªØ§ Ø³Ù‡ Ù…Ø§Ù‡ Ú¯Ø§Ø±Ø§Ù†ØªÛŒ  Ø¨Ø§ Ø¨Ù‡ØªØ±ÛŒÙ† Ù‚ÛŒÙ…Øª,2990000,https://basalam.com/amin_storr/product/8542250
Ø§ÛŒØ±Ù¾Ø§Ø¯ Ø¨ÛŒ Ø³ÛŒÙ… Ù…Ø¯Ù„ airpods pro,3000000,https://basalam.com/docharkhetavon/product/5278409
"Ù‡Ù†Ø¯Ø²ÙØ±ÛŒ Ø·Ø±Ø­ Ø§ØµÙ„ Ø§Ù¾Ù„ Ø§ÛŒØ±Ù¾Ø§Ø¯ Ù¾Ø±Ùˆ Airpods pro

",3000000,https://basalam.com/janebilands/product/7227596
Ù‡Ù†Ø¯Ø²ÙØ±ÛŒ Ø¨Ù„ÙˆØªÙˆØ« Ø§ÛŒØ±Ø¯Ø§ØªØ³ Ù¾Ø±Ùˆ Ø´ÛŒØ§Ø¦ÙˆÙ…ÛŒ Redmi Air Dots pro- Ø§ØµÙ„ÛŒ ÙˆØ±Ú˜Ù† 2023ØªÙ‚ÙˆÛŒØª Ø´Ø¯Ù‡ Ø¨Ø§ Ú©ÛŒÙÛŒØª Ø¹Ø§Ù„ÛŒ- Ø§Ø±Ø³Ø§Ù„ Ø±Ø§ÛŒÚ¯Ø§Ù† ,3350000,https://basalam.com/saeed_kalla/product/6948804
Ù‡Ù†Ø¯Ø²ÙØ±ÛŒ Ø¨Ù„ÙˆØªÙˆØ« Ù…Ø¯Ù„ Ø§ÛŒØ±Ù¾Ø§Ø¯ Ù¾Ø±Ùˆ airpods pro  Ø§Ø±ÙˆØ¬ÛŒÙ†Ø§Ù„. Ø¨Ø³ÛŒØ§Ø± Ø¨Ø§ Ú©ÛŒÙÛŒØª,3480000,https://basalam.com/mobile_rooz8/product/10687183
Ø§ÛŒØ±Ù¾Ø§Ø¯ Ù¾Ø±Ùˆ - Ú©Ù¾ÛŒ Ø¯Ø±Ø¬Ù‡ 2 Ø§Ù¾Ù„ - airpods pro copy grade B,3490000,https://basalam.com/sana_shop_hmd/product/9377799
Ù‡Ù†Ø¯Ø²ÙØ±ÛŒ Ø¨Ù„ÙˆØªÙˆØ« Ø§ÛŒØ±Ù¾Ø§Ø¯ Ù¾Ø±Ùˆ airpods pro 6 Ø±Ù†Ú¯ Ø³ÙÛŒØ¯ Ùˆ Ù…Ø´Ú©ÛŒ Ù†Ùˆ Ùˆ Ù¾Ù„Ù…,3500000,https://basalam.com/mashtimobile/product/3010987
Ù‡Ù†Ø¯Ø²ÙØ±ÛŒ Ø¨Ù„ÙˆØªÙˆØ« Ø§ÛŒØ±Ù¾Ø§Ø¯ Ù…Ø¯Ù„ Air pods pro Ø¨Ø§Ù‚ÛŒÙ…Øª Ø¹Ø§Ù„ÛŒ,3500000,https://basalam.com/janebifoladvand/product/8075742
"ğŸ¦¢ SWAROSKI ğŸ¦¢
Air pods 

1/2 & pro

apple wat",3500000,https://basalam.com/apple_north.com/product/2189692
Ø§ÛŒØ±Ù¾Ø§Ø¯ Ù¾Ø±Ùˆ Ù‡Ø§ÛŒ Ú©Ù¾ÛŒ Airpods pro,3500000,https://basalam.com/mahbod_mobile/product/10231376
Ù‡Ù†Ø¯Ø²ÙØ±ÛŒ Ø¨Ù„ÙˆØªÙˆØ«ÛŒ Ø§ÛŒØ±Ù¾Ø§Ø¯ Ù¾Ø±Ùˆ Ø¢ÛŒÙÙˆÙ† Airpods pro,3600000,https://basalam.com/airpods_mobiles0011/product/8426150
Ø§ÛŒØ±Ù¾Ø§Ø¯ Ù¾Ø±Ùˆ6Ù‡Ø§ÛŒ Ú©Ù¾ÛŒ airpods pro 6 Ù‡Ù†Ø¯Ø²ÙØ±ÛŒ  Ø¨Ù„ÙˆØªÙˆØ« Ú©ÛŒÙÛŒØª Ø¹Ø§Ù„ÛŒ ,3600000,https://basalam.com/netoffline_shopping8netofflin/product/10871884
Ø§ÛŒØ±Ù¾Ø§Ø¯ Ù¾Ø±Ùˆ Ø§Ù¾Ù„  - Ú©Ù¾ÛŒ - Ù‡Ù†Ø¯Ø²ÙØ±ÛŒ Ø¨Ù„ÙˆØªÙˆØ« Airpods pro,3750000,https://basalam.com/sana_shop_hmd/product/8518078
Ù‡Ø¯ÙÙˆÙ† Ø¨ÛŒ Ø³ÛŒÙ… Ù…Ø¯Ù„ airpods pro,3800000,https://basalam.com/technomarket/product/6858125
Ø§ÛŒØ±Ù¾Ø§Ø¯ Ù¾Ø±Ùˆ 2Ù‡Ø§ÛŒ Ú©Ù¾ÛŒ airpods pro2  Ù‡Ù†Ø¯Ø²ÙØ±ÛŒ Ø¨Ù„ÙˆØªÙˆØ« ,3900000,https://basalam.com/netoffline_shopping8netofflin/product/10871553
Ø§ÛŒØ±Ù¾Ø§Ø¯ Ú¯ÛŒÙ…ÛŒÙ†Ú¯ Q25pro airpods,4150000,https://basalam.com/royalljanebi/product/10771237
Ù‡Ø¯ÙÙˆÙ† Ø¨ÛŒ Ø³ÛŒÙ… Ù…Ø¯Ù„ air pod pro,4200000,https://basalam.com/jaanebishop/product/8728378
Ù‡Ù†Ø²ÙØ±ÛŒ Ø¨ÛŒØ³ÛŒÙ… Ø§Ù¾Ù„ Ø§ÛŒØ±Ù¾Ø§Ø¯ Ù¾Ø±Ùˆ Airpods pro Ø§Ø±Ø³Ø§Ù„ Ø±Ø§ÛŒÚ¯Ø§Ù†,4380000,https://basalam.com/organicba/product/5147738
Ù‡Ù†Ø¯Ø²ÙØ±ÛŒ Ø¨Ù„ÙˆØªÙˆØ«ÛŒ ÛŒÙˆØ¨Ø§Ø¦Ùˆ Ù…Ø¯Ù„ air buds pro,4450000,https://basalam.com/persianmarketalvand/product/10275081
Ù‡Ø¯ÙÙˆÙ† Ø¨ÛŒ Ø³ÛŒÙ… Ø§Ù¾Ù„ Ø§ÛŒØ±Ù¾Ø§Ø¯ Ù¾Ø±Ùˆ Airpods pro (Ú©Ù¾ÛŒ) Ø§ Apple AirPods Pro Wireless Headp,4480000,https://basalam.com/oxin_shop/product/9247898
"Ù‡Ù†Ø¯Ø²ÙØ±ÛŒ airpods pro

",4500000,https://basalam.com/heliyajan/product/6289623
Ù‡Ø¯ÙÙˆÙ† airpods pro 5 Ø¨Ù„ÙˆØªÙˆØ«ÛŒ Ø¨ÛŒØ³ÛŒÙ… Ø·Ø±Ø­ Ø§Ù¾Ù„ Ú©ÛŒÙÛŒØª Ø¹Ø§Ù„ÛŒ (Ù‡Ù†Ø¯Ø²ÙØ±ÛŒ Ø¨Ù„ÙˆØªÙˆØ«ÛŒ Ø¨ÛŒ Ø³ÛŒÙ…),4500000,https://basalam.com/pakhshmarkazi/product/9240797
Ø§ÛŒØ±Ù¾Ø§Ø¯Ù¾Ø±Ùˆ Ø³Ø§Ø®Øª Ø§ÛŒØ±Ù„Ù†Ø¯ ÙˆØ§Ù…Ø±ÛŒÚ©Ø§ Ù‡Ù†Ø¯ÙØ±ÛŒ Ø¨Ù„ÙˆØªÙˆØ«ÛŒ Ù¾Ø§ÙˆØ±Ø¨Ø§Ù†Ú©  airpods pro  Ø¯Ø±Ø¬Ù‡ ÛŒÚ© Ø´Ø¨ÛŒÙ‡ ØªØ±ÛŒÙ† Ø¨Ù‡ Ù†Ø³Ø®Ù‡ Ø§ØµÙ„ÛŒancØ¯Ø§Ø± ,4500000,https://basalam.com/kolbejanrbi/product/10576922
Ù‡Ù†Ø¯Ø²ÙØ±ÛŒ Ø¨Ù„ÙˆØªÙˆØ« Ø¯Ùˆ ØªØ§ÛŒÛŒ Lenovo Air F9 pro plus TWS,4500000,https://basalam.com/parsianhamrahnaein/product/10508454
Ø§ÛŒØ±Ù¾Ø§Ø¯ ÙÙˆÙ‚Ø§Ù„Ø¹Ø§Ø¯Ù‡ Ø¨Ø±Ù†Ø¯ Ù…Ø¹Ø±ÙˆÙ JBL Ù…Ø¯Ù„  Air Buds 6 pro Ø¨Ø³ÛŒØ§Ø± Ø¨Ø§ Ú©ÛŒÙÛŒØª Ùˆ Ø¨Ø§ Ø§ØµØ§Ù„Øª,4500000,https://basalam.com/fides_shop/product/10509328
Ø§ÛŒØ± Ù¾Ø§Ø¯ Ø´ÛŒØ§Ø¦ÙˆÙ…ÛŒ Redmi Air Dotspro,4600000,https://basalam.com/soran5480/product/6901913
Ù‡Ø¯ÙÙˆÙ† Ø¨ÛŒ Ø³ÛŒÙ… Ø§Ù¾Ù„ Ø§ÛŒØ±Ù¾Ø§Ø¯ Ù¾Ø±Ùˆ Airpods pro (Ù‡Ø§ÛŒ Ú©Ù¾ÛŒ) Ø§ Apple AirPods Pro Wireless H,4700000,https://basalam.com/kala4030/product/9577883
Ù‡Ù†Ø¯Ø²ÙØ±ÛŒ Ø¨ÛŒ Ø³ÛŒÙ… Ø§Ù¾Ù„ Ø§ÛŒØ±Ù¾Ø§Ø¯ Ù¾Ø±Ùˆ Airpods pro ( Ø§ØµÙ„ÛŒ Usa california ),4700000,https://basalam.com/laleona/product/7506503
Ú©Ø§ÙˆØ± Ù…Ø¯Ù„ Eggshell Ù…Ù†Ø§Ø³Ø¨ Ø¨Ø±Ø§ÛŒ Ú©ÛŒØ³ Ø§Ù¾Ù„ Ø§ÛŒØ±Ù¾Ø§Ø¯ Ù¾Ø±Ùˆ air pods pro 2 Ø±Ù†Ú¯ Ù‚Ø±Ù…Ø²,4700000,https://basalam.com/coralphone/product/9148817
Ú©Ø§ÙˆØ± Ù…Ø¯Ù„ Eggshell Ù…Ù†Ø§Ø³Ø¨ Ø¨Ø±Ø§ÛŒ Ú©ÛŒØ³ Ø§Ù¾Ù„ Ø§ÛŒØ±Ù¾Ø§Ø¯ Ù¾Ø±Ùˆ air pods pro 2 Ø±Ù†Ú¯ Ø·Ù„Ø§ÛŒÛŒ,4700000,https://basalam.com/coralphone/product/9148746
Ú©Ø§ÙˆØ± Ù…Ø¯Ù„ Eggshell Ù…Ù†Ø§Ø³Ø¨ Ø¨Ø±Ø§ÛŒ Ú©ÛŒØ³ Ø§Ù¾Ù„ Ø§ÛŒØ±Ù¾Ø§Ø¯ Ù¾Ø±Ùˆ air pods pro 2 Ø±Ù†Ú¯ Ø³ÙÛŒØ¯,4700000,https://basalam.com/coralphone/product/9148700
Ú©Ø§ÙˆØ± Ù…Ø¯Ù„ Eggshell Ù…Ù†Ø§Ø³Ø¨ Ø¨Ø±Ø§ÛŒ Ú©ÛŒØ³ Ø§Ù¾Ù„ Ø§ÛŒØ±Ù¾Ø§Ø¯ Ù¾Ø±Ùˆ air pods pro 2 Ø±Ù†Ú¯ Ø³Ø¨Ø² ØªÛŒØ±Ù‡,4700000,https://basalam.com/coralphone/product/9148897
Ø§ÛŒØ±Ù¾Ø§Ø¯ Ù¾Ø±Ùˆ  airpods pro Vietnam Ø§Ù¾Ù„ Ù‡Ø§ÛŒ Ú©Ù¾ÛŒ Ø¯Ø±Ø¬Ù‡ ÛŒÚ© ÙˆÛŒØªÙ†Ø§Ù…  ØµØ¯ Ø¯Ø±ØµØ¯ Ù…Ø´Ø§Ø¨Ø­ Ø§ÙˆØ±Ø¬ÛŒÙ†Ø§Ù„  Ú©ÛŒØ³ Ø³Ù†Ú¯ÛŒÙ†,4900000,https://basalam.com/shahrd/product/9759694
"Ù‡Ù†Ø¯Ø²ÙØ±ÛŒ Ø¨ÛŒ Ø³ÛŒÙ… Ù…Ø¯Ù„ Airpods pro A2083

",4900000,https://basalam.com/sayaland/product/9049778
Ø§ÛŒØ±Ù¾Ø§Ø¯Ù¾Ø±Ùˆ anc Ø§ÛŒØ±Ù„Ù†Ø¯ ÙˆØ§Ù…Ø±ÛŒÚ©Ø§ Ù‡Ù†Ø¯ÙØ±ÛŒ Ø¨Ù„ÙˆØªÙˆØ«ÛŒ Ù¾Ø§ÙˆØ±Ø¨Ø§Ù†Ú©  airpods pro  Ø¯Ø±Ø¬Ù‡ ÛŒÚ© Ø´Ø¨ÛŒÙ‡ ØªØ±ÛŒÙ† Ø¨Ù‡ Ù†Ø³Ø®Ù‡ Ø§ØµÙ„ÛŒ Ø´Ø§Ø±Ú˜Ø± ÙˆØ§ÛŒØ±Ù„Ø³ Ø¯Ø§Ø± Ø³Ù†Ø³ÙˆØ±,4900000,https://basalam.com/shahrd/product/10249017
Ù‡Ù†Ø¯Ø²ÙØ±ÛŒ Ø·Ø±Ø­ Ø§ØµÙ„ Ø§Ù¾Ù„ Ø§ÛŒØ±Ù¾Ø§Ø¯ Ù¾Ø±Ùˆ Airpods pro,4950000,https://basalam.com/nanotak_shop/product/2828255
Ù‡Ø¯ÙÙˆÙ† Ø¨ÛŒ Ø³ÛŒÙ… Ø·Ø±Ø­ Ø§Ù¾Ù„ Air pods  pro Ø¨Ø§Ù…Ø­ÙØ¸Ù‡ Ø´Ø§Ø±Ú˜ Ø§Ø±Ø³Ø§Ù„ Ø±Ø§ÛŒÚ¯Ø§Ù† Ø±Ù†Ú¯ Ø³ÙÛŒØ¯ ,4990000,https://basalam.com/arzansra-Setareh/product/6754816
Ù‡Ù†Ø¯Ø²ÙØ±ÛŒ Ø¨ÛŒ Ø³ÛŒÙ… Ø§Ù¾Ù„ Ø§ÛŒØ±Ù¾Ø§Ø¯ Ù¾Ø±Ùˆ Airpods pro ( Ù‡Ø§ÛŒ Ú©Ù¾ÛŒ ),5000000,https://basalam.com/arshia_ads/product/10181170
Ù‡Ù†Ø¯Ø²ÙØ±ÛŒ Ø¨ÛŒ Ø³ÛŒÙ… Ø§Ù¾Ù„ Ø§ÛŒØ±Ù¾Ø§Ø¯ Ù¾Ø±Ùˆ Airpods pro ( Ù‡Ø§ÛŒ Ú©Ù¾ÛŒ ) Ú©ÛŒÙÛŒØª Ø¹Ø§Ù„ÛŒ,5000000,https://basalam.com/arshia_ads/product/10407856
Ù‡Ù†Ø¯Ø²ÙØ±ÛŒ Ø¨ÛŒ Ø³ÛŒÙ… Ø§Ù¾Ù„ Ø§ÛŒØ±Ù¾Ø§Ø¯ Ù¾Ø±Ùˆ Airpods pro ( Ù‡Ø§ÛŒ Ú©Ù¾ÛŒ ) Ø¨Ø§ Ú©ÛŒÙÛŒØª Ø¹Ø§Ù„ÛŒ,5000000,https://basalam.com/arshia_ads/product/10450509
Ù‡Ù†Ø¯Ø²ÙØ±ÛŒ Ø¨ÛŒ Ø³ÛŒÙ… Ø§Ù¾Ù„ Ø§ÛŒØ±Ù¾Ø§Ø¯ Ù¾Ø±Ùˆ Airpods pro ( Ù‡Ø§ÛŒ Ú©Ù¾ÛŒ ) Ú©ÛŒÙÛŒØª Ø¨Ø§Ù„Ø§,5000000,https://basalam.com/arshia_ads/product/10336677
Ù‡Ù†Ø¯Ø²ÙØ±ÛŒ Ø¨Ù„ÙˆØªÙˆØ« Ø´ÛŒØ§Ø¦ÙˆÙ…ÛŒ Ù…Ø¯Ù„ Air 8 pro- Ú©ÛŒÙÛŒØª Ø¹Ø§Ù„ÛŒ Ùˆ Ø¨Ø§ØªØ±ÛŒ Ù‚ÙˆÛŒ Ùˆ Ø¨ÛŒØ³ Ù‚Ø¯Ø±ØªÙ…Ù†Ø¯ -Ù‡Ù†Ø¯Ø²ÙØ±ÛŒ Ø§ÛŒØ±Ù¾Ø§Ø¯ Ø¨Ù„ÙˆØªÙˆØ«ÛŒ ,5150000,https://basalam.com/saeed_kalla/product/9450700
Ù‡Ù†Ø³ÙØ±ÛŒ Ø¨Ù„ÙˆØªØ« Ø¨Ø±Ù†Ø¯ Air dost pro.Ù‚Ø¨Ù„ÛŒØª Ù…Ú©Ø§Ù„Ù…Ù‡ Ø­Ø°Ù ,5200000,https://basalam.com/www.mobofixsell/product/9971280
Ø§ÛŒØ±Ù¾Ø§Ø¯ Ù¾Ø±Ùˆ 2 airpods pro  Ù‡Ø§ÛŒ Ú©Ù¾ÛŒ Ø¯Ø±Ø¬Ù‡  ØªÛŒÚ© Ø³Ø¨Ø² ÙˆÛŒØªÙ†Ø§Ù…ÛŒ ,5400000,https://basalam.com/shahrd/product/10305042
Ù‡Ø¯ÙÙˆÙ† Ø¨ÛŒ Ø³ÛŒÙ… Ø·Ø±Ø­ Ø§Ù¾Ù„ Air pods  pro Ø¨Ø§Ù…Ø­ÙØ¸Ù‡ Ø´Ø§Ø±Ú˜ Ø§Ø±Ø³Ø§Ù„ Ø±Ø§ÛŒÚ¯Ø§Ù† Ø±Ù†Ú¯ Ù…Ø´Ú©ÛŒ ,5499000,https://basalam.com/arzansra-Setareh/product/6754832
Ù‡Ø¯ÙÙˆÙ† Ø¨ÛŒ Ø³ÛŒÙ… Ø·Ø±Ø­ Ø§Ù¾Ù„ Air pods  pro Ø¨Ø§Ù…Ø­ÙØ¸Ù‡ Ø´Ø§Ø±Ú˜ Ø±Ù†Ú¯ Ù…Ø´Ú©ÛŒ ,5499000,https://basalam.com/arzansra-Setareh/product/6754809
Ú©Ø§ÙˆØ± Ø³ÙˆØ§Ø±Ø³Ú©ÛŒ Ù…Ø¯Ù„ Ú©Ø±ÛŒØ³ØªØ§Ù„ Ù…Ù†Ø§Ø³Ø¨ Ø¨Ø±Ø§ÛŒ Ú©ÛŒØ³ Ø§Ù¾Ù„ Airpods pro,5500000,https://basalam.com/coralphone/product/9125987
Ø§ÛŒØ±Ù¾Ø§Ø¯ Ù¾Ø±Ùˆ anc air pods pro anc,5520000,https://basalam.com/royalljanebi/product/10614281
Ø§ÛŒØ±Ù¾Ø§Ø¯ Ù¾Ø±Ùˆ Ù‡Ø§ÛŒ Ú©Ù¾ÛŒ Ø³Ø§Ø®Øª Ø¢Ù…Ø±ÛŒÚ©Ø§ (USA) Ø¯Ø±Ø¬Ù‡ ÛŒÚ© Ù‡Ù†Ø¯Ø²ÙØ±ÛŒ Ø¨Ù„ÙˆØªÙˆØ«ÛŒ airpods pro,5600000,https://basalam.com/mr_airpods1402/product/10361160
Ù‡Ø¯Ø³Øª Ø¨Ù„ÙˆØªÙˆØ«ÛŒ Ù…Ø¯Ù„ Airpods pro 5 Ø¨ÛŒ Ø³ÛŒÙ…,5690000,https://basalam.com/lusterzon/product/9478681
Ø§ÛŒØ±Ù¾Ø§Ø¯ Ù¾Ø±Ùˆ Airpods pro  Ù‡Ø§ÛŒ Ú©Ù¾ÛŒ Ø¯Ø±Ø¬Ù‡ 1 Ø³Ø±ÛŒØ§Ù„ Ø¯Ø§Ø±,5900000,https://basalam.com/didino/product/3064394
Ù‡Ù†Ø¯Ø²ÙØ±ÛŒ  Ø¬ÛŒ Ø¨ÛŒ Ø§Ù„  Ù…Ø¯Ù„  air f9 pro plus,5990000,https://basalam.com/fanavaranit/product/8040693
Ù‡Ù†Ø¯Ø²ÙØ±ÛŒ Ø¨ÛŒ Ø³ÛŒÙ… Ø§Ù¾Ù„ Ø§ÛŒØ±Ù¾Ø§Ø¯ Ù¾Ø±Ùˆ Airpods pro ( Ú©Ù¾ÛŒ ),6000000,https://basalam.com/arshia_ads/product/9864176
Ù‡Ù†Ø¯Ø²ÙØ±ÛŒ Ø¨ÛŒ Ø³ÛŒÙ… Ø§Ù¾Ù„ Ø§ÛŒØ±Ù¾Ø§Ø¯ Ù¾Ø±Ùˆ Airpods pro ( Ù‡Ø§ÛŒ Ú©Ù¾ÛŒ )Ú©ÛŒÙÛŒØª Ø¹Ø§Ù„ÛŒ,6000000,https://basalam.com/arshia_ads/product/10517434
Ø§ÛŒØ±Ù¾Ø§Ø¯ Ù¾Ø±Ùˆ Air pods pro(Ø§ÙˆØ±Ø¬ÛŒÙ†Ø§Ù„) Ù…Ø´Ø§Ø¨Ù‡ Ø§ØµÙ„  Ø±Ù†Ú¯ Ø³ÙÛŒØ¯ Ú©ÛŒÙÛŒØª Ø¹Ø§Ù„ÛŒ ØŒ ØªØ®ÙÛŒÙ ÙˆÛŒÚ˜Ù‡ ,6000000,https://basalam.com/mahsolat_janebi1402/product/10815101
Ù‡Ù†Ø² ÙØ±ÛŒ Ø¨Ù„ÙˆØªÙˆØ« Ø§ÛŒØ±Ù¾Ø§Ø¯ Ù¾Ø±Ùˆ Ø§Ù¾Ù„ AirPods pro Ú©Ø§Ù„ÛŒÙØ±Ù†ÛŒØ§ Ú©ÛŒÙÛŒØª Ø¯Ø±Ø¬Ù‡ 1 Ø¨Ø§ Ø§Ø±Ø³Ø§Ù„ Ø±Ø§ÛŒÚ¯Ø§Ù†,6280000,https://basalam.com/organicba/product/10604538
Ø§ÛŒØ±Ù¾Ø§Ø¯Ù¾Ø±Ùˆ  ANC2   air pods pro2anc,6280000,https://basalam.com/royalljanebi/product/10614215
Ø§ÛŒØ±Ù¾Ø§Ø¯ airpods Ù…Ø¯Ù„ pro 6,6480000,https://basalam.com/arzoonqom/product/7718378
air pods pro,6500000,https://basalam.com/mobile_brand/product/10130828
Air pods pro Ø§ÛŒØ±Ù¾Ø§Ø¯ Ù¾Ø±Ùˆ,6500000,https://basalam.com/phonix.mobile/product/4178576
Ù‡Ù†Ø¯Ø±Ø²ÙØ±ÛŒ Ø¨ÛŒ Ø³ÛŒÙ… airpods pro,6500000,https://basalam.com/arzan_saraye_irani05/product/8605091
Ø§ÛŒØ±Ù¾Ø§Ø¯ Ù…Ø¯Ù„ Airpods pro,6550000,https://basalam.com/wiko_shopping/product/8033563
Ø§ÛŒØ±Ù¾Ø§Ø¯ Ù¾Ø±Ùˆ AirPods pro  Ù…ÙˆÙ†ØªØ§Ú˜  Ø§ÛŒØ±Ù„Ù†Ø¯ØŒØ¯Ø§Ø±Ø§ÛŒ GPSØŒ Ù†ÙˆÛŒØ² Ú©Ù†Ø³Ù„ÛŒÙ†Ú¯ ÙØ¹Ø§Ù„ØŒØ¯Ø§Ø±Ø§ÛŒ Ø§Ø³Ù¾ÛŒÚ©Ø± ,6570000,https://basalam.com/tzarrine/product/8328111
Ù‡Ù†Ø¯Ø²ÙØ±ÛŒ (Ø¨Ø§Ø¯Ø²) Ù„Ù†ÙˆÙˆ  Air F9 pro  plus  Ú©ÛŒÙÛŒØª Ø¹Ø§Ù„ÛŒ Ø·ÙˆÙ„ Ø¹Ù…Ø± Ø¨Ø§Ù„Ø§ ÛŒ Ø¨Ø§Ø·Ø±ÛŒ,6690000,https://basalam.com/erfun_mobile/product/10579349
Ø§ÛŒØ±Ù¾Ø§Ø¯ Ù„Ù†ÙˆÙˆ Lenovo XT83 pro   Lenovo Thinkplus XT83 Live Pods,6750000,https://basalam.com/mjd_darvishi/product/9850396
Ø§ÛŒØ±Ù¾Ø§Ø¯ Ù¾Ø±Ùˆ 2  ANC  Ù†ÙˆÛŒØ² Ú©Ù†Ø³Ù„ÛŒÙ†Ú¯ Ø¯Ø§Ø±  Air pods pro2 ANC  Ù…Ù†ÙˆÙ‡Ø§ÙØ¹Ø§Ù„ Ø¹Ø§Ù„ÛŒ Ø¨Ø§ 6 Ù…Ø§Ù‡ Ú¯Ø§Ø±Ø§Ù†ØªÛŒ,6900000,https://basalam.com/kian_tell/product/9936390
Ø§ÛŒØ±Ù¾Ø§Ø¯ Airpods pro2,7000000,https://basalam.com/samirahomeyri/product/7994128
Ù‡Ù†Ø¯Ø²ÙØ±ÛŒ Ø¨Ù„ÙˆØªÙˆØ«ÛŒ Ø·Ø±Ø­ Airpods pro,7200000,https://basalam.com/dehkadeh_majazi.z/product/7544146
Ù‡Ù†Ø¯Ø²ÙØ±ÛŒ Ø¨ÛŒ Ø³ÛŒÙ… Ø§Ù¾Ù„ Ù…Ø¯Ù„ Airpods pro,7400000,https://basalam.com/mobocity/product/9975537
air pods pro Ø§ÛŒØ±Ù¾Ø§Ø¯ Ù¾Ø±Ùˆ Ø¨Ø§ Ø´Ø´ Ù…Ø§Ù‡ Ú¯Ø§Ø±Ø§Ù†ØªÛŒ,7470000,https://basalam.com/chavoshteam/product/10268475
Ù‡Ù†Ø¯Ø²ÙØ±ÛŒ Ø¨Ù„ÙˆØªÙˆØ«ÛŒ ÛŒØ§ Ø§ÛŒØ±Ù¾Ø§Ø¯ Ù¾Ø±Ùˆ 2023 ANC Ø¯Ø§Ø± air pod pro 2023 Ø·Ø±Ø­ Ø§ØµÙ„ÛŒ anc Ø¯Ø§Ø±,7480000,https://basalam.com/blukala/product/9633982
Ø§ÛŒØ±Ù¾Ø§Ø¯ Ù¾Ø±Ùˆ 2 ÙÙˆÙ„ Ú©Ù¾ÛŒ  Ø¨Ø§ Ú©ÛŒÙÛŒØª Ø¨ÛŒØ³ Ø¨Ù‡ Ø´Ø¯Øª Ø¨Ø§Ù„Ø§  Ù…ÛŒÚ©Ø±ÙˆÙÙ† Ù‚ÙˆÛŒ airpods pro 2 ,7490000,https://basalam.com/appstoremehdi/product/4944537
Ù¾Ú© Ø§Ù¾Ù„ ÙˆØ§Ú†  Ø³Ø§Ø¹Øª Ù‡ÙˆØ´Ù…Ù†Ø¯ Ø¨Ø§ Ø§ÛŒØ±Ù¾Ø§Ø¯w26 pro max  Ù…Ø¯Ù„    Apple Watch  AirPods ,7500000,https://basalam.com/foto.shahyad.com/product/7108774
Ù‡Ø¯ÙÙˆÙ† Ø¨ÛŒ Ø³ÛŒÙ… Ø§Ù¾Ù„ Ø§ÛŒØ±Ù¾Ø§Ø¯ Ù¾Ø±Ùˆ Airpods pro (Ù‡Ø§ÛŒ Ú©Ù¾ÛŒ) ,7500000,https://basalam.com/apadanadp/product/10594739
Ø§ÛŒØ±Ù¾Ø§Ø¯ Ù¾Ø±Ùˆ air pods pro,7500000,https://basalam.com/mobileraeisi/product/7522477
Ø§ÛŒØ±Ù¾Ø§Ø¯ Ú©Ù¾ÛŒ Airpods pro Anc,7500000,https://basalam.com/mobile_janan/product/9878270
Ù‡Ù†Ø¯Ø²ÙØ±ÛŒ Ø¨Ù„ÙˆØªÙˆØ«ÛŒ ÛŒØ§ Ø§ÛŒØ±Ù¾Ø§Ø¯ Ù¾Ø±Ùˆ 2023 ANC Ø¯Ø§Ø± air pod pro 2023 Ø·Ø±Ø­ Ø§ØµÙ„ÛŒ anc Ø¯Ø§Ø±,7500000,https://basalam.com/lavazem_janeby_rahy/product/9312874
Air pod pro,7500000,https://basalam.com/hosseinnobel/product/6309147
Ø§ÛŒØ±Ù¾Ø§Ø¯ Ù¾Ø±Ùˆ 2 ÙÙˆÙ„ Ú©Ù¾ÛŒ airpods pro 2 Ø³ÙØ§Ø±Ø´ Ø§ÛŒØ±Ù„Ù†Ø¯,7600000,https://basalam.com/donyay_fan/product/9954226
Ù‡Ù†Ø¯Ø²ÙØ±ÛŒ (Ù‡Ø¯Ø³Øª) Ø¨Ù„ÙˆØªÙˆØ«ÛŒ Ø·Ø±Ø­ Ø§ÛŒØ±Ù¾Ø§Ø¯ Ù¾Ø±Ùˆ Ø§Ù¾Ù„ (Ø¨Ø§ Ú¯Ø§Ø±Ø§Ù†ØªÛŒ 12 Ù…Ø§Ù‡Ù‡ Ø´Ø±Ú©ØªÛŒ) AirPods pro,7690000,https://basalam.com/bkshop/product/4540013
Ø§ÛŒØ±Ù¾Ø§Ø¯ Ø³Ø±ÛŒ Ù¾Ø±Ùˆ 2 Ù†Ø³Ø®Ù‡ Ù‡Ø§ÛŒ Ú©Ù¾ÛŒ (airpods pro2),7800000,https://basalam.com/mobolife/product/6788078
ØªÙ„Ù…Ø¨Ù‡ Ø¯Ø³ØªÛŒ Ø¯ÙˆÚ†Ø±Ø®Ù‡ ØªÙ„Ø³Ú©ÙˆÙ¾ÛŒÚ© Ø²ÙØ§Ù„ Ù…Ø¯Ù„ Zefal air profil XL,7900000,https://basalam.com/biker_part/product/10142727
Ø§ÛŒØ±Ù¾Ø§Ø¯ Ù¾Ø±Ùˆ ( airpods pro) ,7990000,https://basalam.com/cyanmarket/product/4539690
Ù‡Ø¯ÙÙˆÙ† Ø¨ÛŒ Ø³ÛŒÙ… Ø§Ù¾Ù„ Ø§ÛŒØ±Ù¾Ø§Ø¯ Ù¾Ø±Ùˆ Airpods pro (Ù‡Ø§ÛŒ Ú©Ù¾ÛŒ),7990000,https://basalam.com/peransaros/product/5856226
Ù‡Ø¯ÙÙˆÙ† Ø¨ÛŒ Ø³ÛŒÙ… Ø§Ù¾Ù„ Ø§ÛŒØ±Ù¾Ø§Ø¯ Ù¾Ø±Ùˆ Airpods pro (Ù‡Ø§ÛŒ Ú©Ù¾ÛŒ) Ø§ Apple AirPods Pro Wireless H,8000000,https://basalam.com/kashancompany/product/4713106
Ø§ÛŒØ±Ù¾Ø§Ø¯ Ù¾Ø±Ùˆ anc Ù‡Ù†Ø¯Ø²ÙØ±ÛŒ  airpods proancØ§ÛŒØ±Ø¯Ø§ØªØ³ Ù…ÙˆØ¨Ø§ÛŒÙ„ Ø§ÛŒØ±Ø¨Ø§Ø¯Ø³ Ù‡Ø¯Ø³Øª Ù‡Ø¯ÙÙˆÙ† Ø´ÛŒØ§Ø¦ÙˆÙ…ÛŒ Ø³Ø§Ù…Ø³ÙˆÙ†Ú¯ Ø§Ø³Ù¾ÛŒÚ©Ø± Ú¯ÙˆØ´ÛŒ,8500000,https://basalam.com/horsadigi/product/3041608
Ø§ÛŒØ±Ù¾Ø§Ø¯ Ù„Ù†ÙˆÙˆ                                                 Ù…Ø¯Ù„                                  LP40 proLenovo AirPods,8900000,https://basalam.com/milanirasool11/product/7235222
 Ù‡Ù†Ø¯Ø²ÙØ±ÛŒ Ø§ÛŒØ±Ù¾Ø§Ø¯ Ø¨Ù„ÙˆØªÙˆØ«ÛŒ Ù„Ù†ÙˆÙˆ Ù…Ø¯Ù„ LENOVO No.Live Pods LP1pro	,8970000,https://basalam.com/zingco/product/10534768
Ù‡Ù†Ø¯Ø²ÙØ±ÛŒ Ø¨ÛŒ Ø³ÛŒÙ… Ø§Ù¾Ù„ ANC Ù…Ø¯Ù„ Ø§ÛŒØ±Ù¾Ø§Ø¯ AirPods pro Ù‡Ø§ÛŒ Ú©Ù¾ÛŒ A2083,8990000,https://basalam.com/befkala/product/10369505
Ù‡Ù†Ø¯Ø²ÙØ±ÛŒ Ø§ÛŒØ±Ù¾Ø§Ø¯ Ø¨Ø±Ù†Ø¯ TRICAT Ù…Ø¯Ù„ Airpods pro,9000000,https://basalam.com/mohmmdarjma/product/10104568
Ù‡Ù†Ø¯Ø²ÙØ±ÛŒ Ø¨ÛŒ Ø³ÛŒÙ… Ù…Ø¯Ù„  Ø§ÛŒØ±Ù¾Ø§Ø¯ Ù¾Ø±Ùˆ airpods pro  Ù†ÙˆÛŒØ² Ú©Ù†Ø³Ù„ÛŒÙ†Ú¯ Ø¯Ø§Ø± ,9400000,https://basalam.com/mashtimobile/product/3144363
"Ù‡Ù†Ø¯Ø²ÙØ±ÛŒ Ø¨ÛŒ Ø³ÛŒÙ… Ù…Ø¯Ù„ Airpods pro 2084 USA

",9500000,https://basalam.com/satyan/product/8305795
Ù‡Ø¯ÙÙˆÙ† Ø¨ÛŒ Ø³ÛŒÙ… Ø§ÛŒÚ©Ø³ Ú©ÛŒÙ† Ù…Ø¯Ù„ AirPods pro2  -XK-TWS08,9800000,https://basalam.com/esmarline/product/9428332
Ø§ÛŒØ±Ù¾Ø§Ø¯ Ùˆ Ù‡Ù†Ø¯Ø²ÙØ±ÛŒ Ø¨ÛŒ Ø³ÛŒÙ…  Airpods pro ANC  Ø¨Ø§ Ú¯Ø§Ø±Ù†ØªÛŒ,9800000,https://basalam.com/janebi_01/product/6949160
Ù‡Ù†Ø¯Ø²ÙØ±ÛŒ Ø¨Ù„ÙˆØªÙˆØ«ÛŒ airpods pro (Ù‡Ø§ÛŒ Ú©Ù¾ÛŒ ØªØ±ÛŒÙ† Ùˆ Ø¨Ø§Ú©ÛŒÙÛŒØª ØªØ±ÛŒÙ† Ù…Ø­ØµÙˆÙ„ Ù†Ø³Ø¨Øª Ø¨Ù‡ Ù…Ø¯Ù„ Ø§ØµÙ„ÛŒ),9847000,https://basalam.com/barjat/product/7188768
Ø§ÛŒØ±Ù¾Ø§Ø¯ Ù¾Ø±Ùˆ  Ù†Ø³Ù„ Ø¯Ùˆ Ø³ÙˆÙ¾Ø± ÙÙˆÙ„ Ú©Ù¾ÛŒ airpods pro ,9900000,https://basalam.com/skincare.beauty.shop1/product/9917438
Ø§ÛŒØ±Ù¾Ø§Ø¯ Ù¾Ø±Ùˆ Ù†Ø³Ù„2 Ø³ÙˆÙ¾Ø± Ù‡Ø§ÛŒ Ú©Ù¾ÛŒ ANC airpods pro 2,12000000,https://basalam.com/mr_apple_1/product/8615201
 Ø§ÛŒØ±Ù¾Ø§Ø¯ Ù¾Ø±Ùˆ ANC (air pods pro),12000000,https://basalam.com/rephone/product/6940968
Ø§ÛŒØ±Ù¾Ø§Ø¯ Ù¾Ø±Ùˆ Ù†Ø³Ù„2 Ø³ÙˆÙ¾Ø± Ù‡Ø§ÛŒ Ú©Ù¾ÛŒ ANC airpods pro 2 Ø§Ú©ØªÛŒÙˆ Ø¨Ù‡ Ø´Ø±Ø· Ú¯Ø§Ø±Ø§Ù†ØªÛŒ 3 Ù…Ø§Ù‡Ù‡,12500000,https://basalam.com/mobile401/product/10168140
Ø§ÛŒØ± Ù¾Ø§Ø¯ Ù¾Ø±Ùˆ Ø§Ù¾Ù„ /Ø§ØµÙ„ Ø³Ø§Ø®Øª Ø§ÛŒØ±Ù„Ù†Ø¯ /airpods pro Ø³Ø±ÛŒ 2 / ÙÙˆÙ‚ Ø¯Ø±Ø¬Ù‡ ÛŒÚ© /Ø­Ø±Ø§Ø¬ ÙˆØ§Ù‚Ø¹ÛŒ ,13000000,https://basalam.com/deragon/product/5759979
Ø§ÛŒØ±Ù¾Ø§Ø¯ Ù¾Ø±Ùˆ High copy - Airpods pro,13200000,https://basalam.com/i_store/product/3937949
Ø§ÛŒØ±Ù¾Ø§Ø¯ Ø§Ù¾Ù„ Ù¾Ø±Ùˆ Ù‚Ø§Ø¨Ù„ÛŒØª Ù†ÙˆÛŒØ² Ú©Ù†Ø³Ù„ÛŒÙ†Ú¯ Ùˆ  Ú©ÛŒÙÛŒØª ØµØ¯Ø§ ÙÙˆÙ‚ Ø§Ù„Ø¹Ø§Ø¯Ù‡ Ø¨Ø§Ù„Ø§  airpods pro,13990000,https://basalam.com/digitalkalamehdi/product/8478633
Ù‡Ù†Ø¯Ø²ÙØ±ÛŒ Ø¨Ù„ÙˆØªÙˆØ« Ø§ÛŒØ±Ù¾Ø§Ø¯ Ù¾Ø±Ùˆ Ø³Ø±ÛŒ 2 Ø¨Ø§ Ù‚Ø§Ø¨Ù„ÛŒØª ANC Ø§Ú©ØªÛŒÙˆ Ù†ÙˆÛŒØ² Ú©Ù†Ø³Ù„ÛŒÙ†Ú¯ Ø¨Ø§ Ú©ÛŒÙÛŒØª Ø¹Ø§Ù„ÛŒ (Ù‡Ø§ÛŒ Ú©Ù¾ÛŒ) Airpods pro 2 high copy  ,13990000,https://basalam.com/dubai/product/8370365
"Ø§ÛŒØ±Ù¾Ø§Ø¯ Airpods pro 2 (2022)

",14500000,https://basalam.com/yas-janebi/product/6451520
Ù‡Ø¯ÙÙˆÙ† Ø¨Ù„ÙˆØªÙˆØ«ÛŒ Ø§ÛŒØ±Ù¾Ø§Ø¯ Ù¾Ø±Ùˆ 2 ÙÙˆÙ‚ Ø§Ù„Ø¹Ø§Ø¯Ù‡(airpods pro 2),14900000,https://basalam.com/panahbook/product/6632090
Ø§ÛŒØ±Ù¾Ø§Ø¯ Ø¨Ù„ÙˆØªÙˆØ«ÛŒ airpods proÙ…Ù†Ø§Ø³Ø¨ Ø¨Ø±Ø§ÛŒ Ù…Ú©Ø§Ù„Ù…Ù‡ Ùˆ Ù¾Ø®Ø´ Ù…ÙˆØ²ÛŒÚ© ,15450000,https://basalam.com/arzoonqom/product/8820054
Ù‡Ø¯ÙÙˆÙ† Ø¨ÛŒ Ø³ÛŒÙ… Ø§Ù¾Ù„ Ø§ÛŒØ±Ù¾Ø§Ø¯ Ù¾Ø±Ùˆ Airpods pro (Ø¨Ø¯ÙˆÙ† Ù‡ÛŒÚ† ØªÙØ§ÙˆØªÛŒ Ø¨Ø§ Ø§ØµÙ„ÛŒ),17000000,https://basalam.com/mobilehome/product/10490355
Ù‡Ø¯ÙÙ† Ø¨ÛŒ Ø³ÛŒÙ… mpow air pro,17000000,https://basalam.com/amazon66/product/7328026
"Ù‡Ø¯Ø³Øª Ø¨Ù„ÙˆØªÙˆØ«ÛŒ Ø§Ù¾Ù„ apple Ù…Ø¯Ù„  Mi-Air Pods pro 5s 2022 Ú©ÛŒÙÛŒØª Ø¹Ø§Ù„ÛŒ Ù…Ù†Ø§Ø³Ø¨ Ø¨Ø±Ø§ÛŒ Ù‡Ù…Ù‡

",18500000,https://basalam.com/shahrsetareh/product/5850986
airpods pro ,18800000,https://basalam.com/mohammad72152/product/7017291
Ø§ÛŒØ±Ù¾Ø§Ø¯ Ø§Ù¾Ù„ Ø§ØµÙ„ÛŒ Airpods pro Ù‡Ù†Ø¯Ø²ÙØ±ÛŒ Ø¨Ù„ÙˆØªÙˆØ«ÛŒ Ù¾Ø±Ùˆ Ø¨Ø§ Ø³Ø±ÛŒØ§Ù„ Ø±ÙˆÛŒ Ø¬Ø¹Ø¨Ù‡ Ùˆ Ú¯ÙˆØ´ÛŒ Ù‡Ø§ Designed by Apple in California Ù…Ø¯Ù„ Ø§ÛŒØ±Ù„Ù†Ø¯,19500000,https://basalam.com/smartbazar/product/7994684
Ú©ÙØ´ Ø¬Ø±Ø¯Ù† Ø²Ù†Ø§Ù†Ù‡ Ù…Ø¯Ù„ Air Jordan low pro Ú©Ù Ø·Ø¨ÛŒ Ø²ÛŒØ±Ù‡ Ú†Ù†Ø¯ Ù„Ø§ÛŒÙ‡ Ø±Ù†Ú¯Ø¨Ù†Ø¯ÛŒ Ø®Ø§Øµ ,23950000,https://basalam.com/aadlishoes/product/9306347
Ù‡Ø¯ÙÙˆÙ† Ø¨ÛŒ Ø³ÛŒÙ… Ø§Ù¾Ù„ Ø§ÛŒØ±Ù¾Ø§Ø¯ Ù¾Ø±Ùˆ Airpods pro Ù‡Ø§ÛŒ Ú©Ù¾ÛŒ ,25000000,https://basalam.com/jahanstoraccessory/product/6807130
Ù‡Ø¯ÙÙˆÙ† Ø¨ÛŒ Ø³ÛŒÙ… Ø§Ù¾Ù„ Ø§ÛŒØ±Ù¾Ø§Ø¯ Ù¾Ø±Ùˆ Airpods pro,35000000,https://basalam.com/peransaros/product/5652601
Ù‡Ù†Ø¯Ø²ÙØ±ÛŒ Ø¨Ù„ÙˆØªÙˆØ«ÛŒ Libert Air 2 proØŒÚ¯Ø§Ø±Ø§Ù†ØªÛŒ Ù…Ø¹ØªØ¨Ø± 1 Ø³Ø§Ù„Ù‡,43000000,https://basalam.com/janebicade/product/7968518
AirPods pro2 Ø³ÙÛŒØ¯-Ø§ØµÙ„ÛŒ,108499990,https://basalam.com/mobilezagros/product/10292046
